izcode,izname,ttwa11cd,ttwa11nm
S02002515,Culter,S22000047,Aberdeen
S02002516,"Cults, Bieldside and Milltimber West",S22000047,Aberdeen
S02002517,"Cults, Bieldside and Milltimber East",S22000047,Aberdeen
S02002518,"Cults, Bieldside and Milltimber Central",S22000047,Aberdeen
S02002519,Garthdee,S22000047,Aberdeen
S02002520,"Braeside, Mannofield, Broomhill and Seafield East",S22000047,Aberdeen
S02002521,"Braeside, Mannofield, Broomhill and Seafield South",S22000047,Aberdeen
S02002522,"Braeside, Mannofield, Broomhill and Seafield North",S22000047,Aberdeen
S02002523,Hazlehead,S22000047,Aberdeen
S02002524,Summerhill,S22000047,Aberdeen
S02002525,Midstocket,S22000047,Aberdeen
S02002526,Rosemount,S22000047,Aberdeen
S02002527,West End North,S22000047,Aberdeen
S02002528,West End South,S22000047,Aberdeen
S02002529,City Centre West,S22000047,Aberdeen
S02002530,City Centre East,S22000047,Aberdeen
S02002531,Ferryhill North,S22000047,Aberdeen
S02002532,Ferryhill South,S22000047,Aberdeen
S02002533,"Kincorth, Leggart and Nigg North",S22000047,Aberdeen
S02002534,"Kincorth, Leggart and Nigg South",S22000047,Aberdeen
S02002535,Cove South,S22000047,Aberdeen
S02002536,Cove North,S22000047,Aberdeen
S02002537,Torry West,S22000047,Aberdeen
S02002538,Torry East,S22000047,Aberdeen
S02002539,Hanover South,S22000047,Aberdeen
S02002540,Hanover North,S22000047,Aberdeen
S02002541,George Street,S22000047,Aberdeen
S02002542,Ashgrove,S22000047,Aberdeen
S02002543,"Froghall, Powis and Sunnybank",S22000047,Aberdeen
S02002544,Seaton,S22000047,Aberdeen
S02002545,Old Aberdeen,S22000047,Aberdeen
S02002546,Tillydrone,S22000047,Aberdeen
S02002547,Woodside,S22000047,Aberdeen
S02002548,Hilton,S22000047,Aberdeen
S02002549,Stockethill,S22000047,Aberdeen
S02002550,Mastrick,S22000047,Aberdeen
S02002551,Sheddocksley,S22000047,Aberdeen
S02002552,Cummings Park,S22000047,Aberdeen
S02002553,Northfield,S22000047,Aberdeen
S02002554,Heathryfold and Middlefield,S22000047,Aberdeen
S02002555,Kingswells,S22000047,Aberdeen
S02002556,Kingswells North and Newhills,S22000047,Aberdeen
S02002557,Bucksburn South,S22000047,Aberdeen
S02002558,Bucksburn North,S22000047,Aberdeen
S02002559,Dyce,S22000047,Aberdeen
S02002560,Danestone,S22000047,Aberdeen
S02002561,Oldmachar West,S22000047,Aberdeen
S02002562,Oldmachar East,S22000047,Aberdeen
S02002563,Balgownie and Donmouth West,S22000047,Aberdeen
S02002564,Balgownie and Donmouth East,S22000047,Aberdeen
S02002565,Denmore,S22000047,Aberdeen
S02002566,East Cairngorms,S22000047,Aberdeen
S02002567,Aboyne and South Deeside,S22000047,Aberdeen
S02002568,Mearns and Laurencekirk,S22000047,Aberdeen
S02002569,Mearns South and Benholm,S22000047,Aberdeen
S02002570,Mearns North and Inverbervie,S22000047,Aberdeen
S02002571,"Fetteresso, Netherley and Catter",S22000047,Aberdeen
S02002572,Stonehaven South,S22000047,Aberdeen
S02002573,Stonehaven North,S22000047,Aberdeen
S02002574,Newtonhill,S22000047,Aberdeen
S02002575,Portlethen,S22000047,Aberdeen
S02002576,Banchory-Devenick and Findon,S22000047,Aberdeen
S02002577,"Dunecht, Durris and Drumoak",S22000047,Aberdeen
S02002578,Banchory East,S22000047,Aberdeen
S02002579,Banchory West,S22000047,Aberdeen
S02002580,Crathes and Torphins,S22000047,Aberdeen
S02002581,Cromar and Kildrummy,S22000047,Aberdeen
S02002582,Howe of Alford,S22000047,Aberdeen
S02002583,Kemnay,S22000047,Aberdeen
S02002584,Inverurie North,S22000047,Aberdeen
S02002585,Inverurie South,S22000047,Aberdeen
S02002586,Inverurie - Harlaw,S22000047,Aberdeen
S02002587,Durno and Chapel of Garioch,S22000047,Aberdeen
S02002588,Kintore,S22000047,Aberdeen
S02002589,Blackburn,S22000047,Aberdeen
S02002590,Westhill North and South,S22000047,Aberdeen
S02002591,Westhill Central,S22000047,Aberdeen
S02002592,Garlogie and Elrick,S22000047,Aberdeen
S02002593,Newmachar and Fintray,S22000047,Aberdeen
S02002594,Balmedie and Potterton,S22000047,Aberdeen
S02002595,Ellon East,S22000047,Aberdeen
S02002596,Ellon West,S22000047,Aberdeen
S02002597,Ythanside,S22000047,Aberdeen
S02002598,Ythsie,S22000047,Aberdeen
S02002599,Barrahill,S22000047,Aberdeen
S02002600,Fyvie-Rothie,S22000047,Aberdeen
S02002601,"Insch, Oyne and Ythanwells",S22000047,Aberdeen
S02002602,Clashindarroch,S22000047,Aberdeen
S02002603,Huntly,S22000060,Elgin
S02002604,Auchterless and Monquhitter,S22000081,Turriff and Banff
S02002605,Turriff,S22000081,Turriff and Banff
S02002606,"Portsoy, Fordyce and Cornhill",S22000081,Turriff and Banff
S02002607,Aberchirder and Whitehills,S22000081,Turriff and Banff
S02002608,Banff,S22000081,Turriff and Banff
S02002609,Macduff,S22000081,Turriff and Banff
S02002610,Gardenstown and King Edward,S22000081,Turriff and Banff
S02002611,New Pitsligo,S22000084,Fraserburgh
S02002612,Deer and Mormond,S22000075,Peterhead
S02002613,Mintlaw,S22000075,Peterhead
S02002614,Auchnagatt,S22000047,Aberdeen
S02002615,Cruden,S22000075,Peterhead
S02002616,Peterhead Links,S22000075,Peterhead
S02002617,Peterhead Bay,S22000075,Peterhead
S02002618,Peterhead Harbour,S22000075,Peterhead
S02002619,Peterhead Ugieside,S22000075,Peterhead
S02002620,Longside and Rattray South,S22000075,Peterhead
S02002621,Longside and Rattray North,S22000075,Peterhead
S02002622,"Rosehearty, Sandhaven and Tyrie",S22000084,Fraserburgh
S02002623,Cairnbulg/Inverallochy and Memsie,S22000084,Fraserburgh
S02002624,Fraserburgh Smiddyhill,S22000084,Fraserburgh
S02002625,Fraserburgh Lochpots,S22000084,Fraserburgh
S02002626,Fraserburgh Central-Academy,S22000084,Fraserburgh
S02002627,Fraserburgh Harbour and Broadsea,S22000084,Fraserburgh
S02002628,South Angus,S22000056,Dundee
S02002629,Monikie and Wellbank,S22000056,Dundee
S02002630,Barry and Panbride,S22000056,Dundee
S02002631,Monifieth West,S22000056,Dundee
S02002632,Monifieth East,S22000056,Dundee
S02002633,Carnoustie West,S22000056,Dundee
S02002634,Carnoustie East,S22000056,Dundee
S02002635,Arbroath Landward,S22000049,Arbroath and Montrose
S02002636,Arbroath Kirkton,S22000049,Arbroath and Montrose
S02002637,Arbroath Keptie,S22000049,Arbroath and Montrose
S02002638,Arbroath Harbour,S22000049,Arbroath and Montrose
S02002639,Arbroath Cliffburn,S22000049,Arbroath and Montrose
S02002640,Arbroath Warddykes,S22000049,Arbroath and Montrose
S02002641,Lunan,S22000049,Arbroath and Montrose
S02002642,Montrose South,S22000049,Arbroath and Montrose
S02002643,Montrose North,S22000049,Arbroath and Montrose
S02002644,Hillside,S22000056,Dundee
S02002645,Friockheim,S22000056,Dundee
S02002646,Brechin East,S22000056,Dundee
S02002647,Brechin West,S22000056,Dundee
S02002648,Letham and Glamis,S22000056,Dundee
S02002649,Forfar East,S22000056,Dundee
S02002650,Forfar Central,S22000056,Dundee
S02002651,Forfar West,S22000056,Dundee
S02002652,Kirriemuir Landward,S22000056,Dundee
S02002653,Kirriemuir,S22000056,Dundee
S02002654,Angus Glens,S22000056,Dundee
S02002655,"Mull, Iona, Coll and Tiree",S22000032,Mull and Islay
S02002656,Oban South,S22000073,Oban
S02002657,Oban North,S22000073,Oban
S02002658,Benderloch Trail,S22000073,Oban
S02002659,Glen Lonan,S22000073,Oban
S02002660,Loch Awe,S22000073,Oban
S02002661,Mid Argyll,S22000086,Lochgilphead
S02002662,Greater Lochgilphead,S22000086,Lochgilphead
S02002663,Knapdale,S22000086,Lochgilphead
S02002664,Whisky Isles,S22000032,Mull and Islay
S02002665,Kintyre Trail,S22000005,Campbeltown
S02002666,Campbeltown,S22000005,Campbeltown
S02002667,Bute,S22000058,Dunoon and Rothesay
S02002668,Rothesay Town,S22000058,Dunoon and Rothesay
S02002669,Cowal South,S22000058,Dunoon and Rothesay
S02002670,Hunter's Quay,S22000058,Dunoon and Rothesay
S02002671,Dunoon,S22000058,Dunoon and Rothesay
S02002672,Garelochhead,S22000054,Dumbarton and Helensburgh
S02002673,Helensburgh West and Rhu,S22000054,Dumbarton and Helensburgh
S02002674,Helensburgh North,S22000054,Dumbarton and Helensburgh
S02002675,Helensburgh Centre,S22000054,Dumbarton and Helensburgh
S02002676,Helensburgh East,S22000054,Dumbarton and Helensburgh
S02002677,Lomond Shore,S22000054,Dumbarton and Helensburgh
S02002678,Balerno,S22000059,Edinburgh
S02002679,Currie West,S22000059,Edinburgh
S02002680,Currie East,S22000059,Edinburgh
S02002681,Baberton and Juniper Green,S22000059,Edinburgh
S02002682,Bonaly and The Pentlands,S22000059,Edinburgh
S02002683,Colinton and Kingsknowe,S22000059,Edinburgh
S02002684,Clovenstone and Wester Hailes South,S22000059,Edinburgh
S02002685,The Calders,S22000059,Edinburgh
S02002686,Murrayburn and Wester Hailes North,S22000059,Edinburgh
S02002687,Parkhead and Sighthill,S22000059,Edinburgh
S02002688,Broomhouse and Bankhead,S22000059,Edinburgh
S02002689,Stenhouse and Saughton Mains,S22000059,Edinburgh
S02002690,Longstone,S22000059,Edinburgh
S02002691,Slateford and Chesser,S22000059,Edinburgh
S02002692,Gorgie West,S22000059,Edinburgh
S02002693,Gorgie East,S22000059,Edinburgh
S02002694,Shandon,S22000059,Edinburgh
S02002695,Craiglockhart,S22000059,Edinburgh
S02002696,Morningside West and Craighouse,S22000059,Edinburgh
S02002697,Greenbank and The Braids,S22000059,Edinburgh
S02002698,Colinton Mains and Firrhill,S22000059,Edinburgh
S02002699,Oxgangs,S22000059,Edinburgh
S02002700,Comiston and Swanston,S22000059,Edinburgh
S02002701,Fairmilehead,S22000059,Edinburgh
S02002702,Gilmerton South and the Murrays,S22000059,Edinburgh
S02002703,Burdiehouse South and Broomhills,S22000059,Edinburgh
S02002704,Mortonhall and Anwickhill,S22000059,Edinburgh
S02002705,"Gracemount, Southhouse and Burdiehouse",S22000059,Edinburgh
S02002706,Hyvots and Gilmerton,S22000059,Edinburgh
S02002707,Fernieside and Moredun South,S22000059,Edinburgh
S02002708,Moredun and Craigour,S22000059,Edinburgh
S02002709,Liberton East,S22000059,Edinburgh
S02002710,Liberton West,S22000059,Edinburgh
S02002711,The Inch,S22000059,Edinburgh
S02002712,"Blackford, West Mains and Mayfield Road",S22000059,Edinburgh
S02002713,Prestonfield,S22000059,Edinburgh
S02002714,Newington and Dalkeith Road,S22000059,Edinburgh
S02002715,The Grange,S22000059,Edinburgh
S02002716,Marchmont East and Sciennes,S22000059,Edinburgh
S02002717,Marchmont West,S22000059,Edinburgh
S02002718,Morningside East,S22000059,Edinburgh
S02002719,Merchiston and Greenhill,S22000059,Edinburgh
S02002720,Bruntsfield,S22000059,Edinburgh
S02002721,Polwarth,S22000059,Edinburgh
S02002722,Dalry,S22000059,Edinburgh
S02002723,Fountainbridge,S22000059,Edinburgh
S02002724,Tollcross,S22000059,Edinburgh
S02002725,Southside,S22000059,Edinburgh
S02002726,Meadows,S22000059,Edinburgh
S02002727,"Old Town, Princes Street and Leith Street",S22000059,Edinburgh
S02002728,"Canongate, St. Leonards and Dumbiedykes",S22000059,Edinburgh
S02002729,Abbeyhill,S22000059,Edinburgh
S02002730,Meadowbank and Abbeyhill North,S22000059,Edinburgh
S02002731,Willowbrae and Duddingston Village,S22000059,Edinburgh
S02002732,Greendykes,S22000059,Edinburgh
S02002733,Craigmillar,S22000059,Edinburgh
S02002734,Niddrie,S22000059,Edinburgh
S02002735,"Bingham, Magdalene and The Christians",S22000059,Edinburgh
S02002736,"Jewel, Brunstane and Newcraighall",S22000059,Edinburgh
S02002737,Joppa,S22000059,Edinburgh
S02002738,Portobello,S22000059,Edinburgh
S02002739,Duddingston and Durhams,S22000059,Edinburgh
S02002740,Mountcastle,S22000059,Edinburgh
S02002741,Northfield and Piershill,S22000059,Edinburgh
S02002742,Craigentinny,S22000059,Edinburgh
S02002743,Restalrig (Loganlea) and Craigentinny West,S22000059,Edinburgh
S02002744,Restalrig and Lochend,S22000059,Edinburgh
S02002745,Leith (Hermitage and Prospect Bank),S22000059,Edinburgh
S02002746,Western Harbour and Leith Docks,S22000059,Edinburgh
S02002747,North Leith and Newhaven,S22000059,Edinburgh
S02002748,The Shore and Constitution Street,S22000059,Edinburgh
S02002749,Great Junction Street,S22000059,Edinburgh
S02002750,South Leith,S22000059,Edinburgh
S02002751,Easter Road and Hawkhill Avenue,S22000059,Edinburgh
S02002752,Leith (Albert Street),S22000059,Edinburgh
S02002753,Hillside and Calton Hill,S22000059,Edinburgh
S02002754,Pilrig,S22000059,Edinburgh
S02002755,Bonnington,S22000059,Edinburgh
S02002756,Trinity East and The Dudleys,S22000059,Edinburgh
S02002757,Trinity West and Wardie,S22000059,Edinburgh
S02002758,"Inverleith, Goldenacre and Warriston",S22000059,Edinburgh
S02002759,Broughton North and Powderhall,S22000059,Edinburgh
S02002760,Broughton South,S22000059,Edinburgh
S02002761,New Town East and Gayfield,S22000059,Edinburgh
S02002762,New Town West,S22000059,Edinburgh
S02002763,Canonmills and New Town North,S22000059,Edinburgh
S02002764,Stockbridge,S22000059,Edinburgh
S02002765,Comely Bank,S22000059,Edinburgh
S02002766,Wester Coates,S22000059,Edinburgh
S02002767,Dean Village,S22000059,Edinburgh
S02002768,Balgreen and Roseburn,S22000059,Edinburgh
S02002769,Murrayfield and Ravelston,S22000059,Edinburgh
S02002770,"Craigleith, Orchard Brae and Crewe Toll",S22000059,Edinburgh
S02002771,Blackhall,S22000059,Edinburgh
S02002772,Drylaw,S22000059,Edinburgh
S02002773,West Pilton,S22000059,Edinburgh
S02002774,Boswall and Pilton,S22000059,Edinburgh
S02002775,Granton South and Wardieburn,S22000059,Edinburgh
S02002776,Granton and Royston Mains,S22000059,Edinburgh
S02002777,Granton West and Salvesen,S22000059,Edinburgh
S02002778,Muirhouse,S22000059,Edinburgh
S02002779,Silverknowes and Davidson's Mains,S22000059,Edinburgh
S02002780,Cramond,S22000059,Edinburgh
S02002781,"Barnton, Cammo and Cramond South",S22000059,Edinburgh
S02002782,Clermiston and Drumbrae,S22000059,Edinburgh
S02002783,East Craigs North,S22000059,Edinburgh
S02002784,East Craigs South,S22000059,Edinburgh
S02002785,Corstorphine North,S22000059,Edinburgh
S02002786,Corstorphine,S22000059,Edinburgh
S02002787,Carrick Knowe,S22000059,Edinburgh
S02002788,Corstorphine South,S22000059,Edinburgh
S02002789,South Gyle and Edinburgh Park,S22000059,Edinburgh
S02002790,"Ratho, Ingliston and Gogar",S22000059,Edinburgh
S02002791,Kirkliston,S22000059,Edinburgh
S02002792,Dalmeny and Newbridge,S22000059,Edinburgh
S02002793,Queensferry East,S22000059,Edinburgh
S02002794,Queensferry West,S22000059,Edinburgh
S02002795,Tullibody South,S22000061,Falkirk and Stirling
S02002796,Tullibody North and Glenochil,S22000061,Falkirk and Stirling
S02002797,Menstrie,S22000061,Falkirk and Stirling
S02002798,Alva,S22000061,Falkirk and Stirling
S02002799,"Fishcross, Devon Village and Coalsnaughton",S22000061,Falkirk and Stirling
S02002800,Tillicoultry,S22000061,Falkirk and Stirling
S02002801,Dollar and Muckhart,S22000061,Falkirk and Stirling
S02002802,"Clackmannan, Kennet and Forestmill",S22000061,Falkirk and Stirling
S02002803,Sauchie,S22000061,Falkirk and Stirling
S02002804,Alloa South and East,S22000061,Falkirk and Stirling
S02002805,Alloa North,S22000061,Falkirk and Stirling
S02002806,Alloa West,S22000061,Falkirk and Stirling
S02002807,Stranraer West,S22000079,Stranraer
S02002808,Rhins North,S22000079,Stranraer
S02002809,Stranraer East,S22000079,Stranraer
S02002810,Stranraer South,S22000079,Stranraer
S02002811,Rhins South,S22000079,Stranraer
S02002812,Machars North,S22000079,Stranraer
S02002813,Machars South,S22000072,Newton Stewart
S02002814,Newton Stewart,S22000072,Newton Stewart
S02002815,Gatehouse,S22000053,Dalbeattie and Castle Douglas
S02002816,Kirkcudbright,S22000053,Dalbeattie and Castle Douglas
S02002817,Castle Douglas,S22000053,Dalbeattie and Castle Douglas
S02002818,Dalbeattie,S22000053,Dalbeattie and Castle Douglas
S02002819,Dalbeattie Rural,S22000053,Dalbeattie and Castle Douglas
S02002820,Glenkens,S22000055,Dumfries
S02002821,Upper Nithsdale,S22000055,Dumfries
S02002822,Thornhill,S22000055,Dumfries
S02002823,Mid Nithsdale,S22000055,Dumfries
S02002824,Shawhead,S22000055,Dumfries
S02002825,Lochside and Lincluden,S22000055,Dumfries
S02002826,Summerville,S22000055,Dumfries
S02002827,Troqueer,S22000055,Dumfries
S02002828,New Abbey,S22000055,Dumfries
S02002829,Kingholm,S22000055,Dumfries
S02002830,Calside,S22000055,Dumfries
S02002831,Georgetown,S22000055,Dumfries
S02002832,Dumfries Central,S22000055,Dumfries
S02002833,Nunholm,S22000055,Dumfries
S02002834,Locharbriggs,S22000055,Dumfries
S02002835,Heathhall,S22000055,Dumfries
S02002836,Collin,S22000055,Dumfries
S02002837,Lochmaben,S22000055,Dumfries
S02002838,Lockerbie,S22000055,Dumfries
S02002839,Moffat,S22000055,Dumfries
S02002840,Langholm and Eskdale,K01000010,Carlisle
S02002841,Annandale East,S22000055,Dumfries
S02002842,Annandale West,S22000055,Dumfries
S02002843,Annan West,S22000055,Dumfries
S02002844,Annan East,S22000055,Dumfries
S02002845,Eastriggs,K01000010,Carlisle
S02002846,Gretna,K01000010,Carlisle
S02002847,Westend,S22000056,Dundee
S02002848,Perth Road,S22000056,Dundee
S02002849,Logie and Blackness,S22000056,Dundee
S02002850,City Centre,S22000056,Dundee
S02002851,Docks and Wellgate,S22000056,Dundee
S02002852,Hilltown,S22000056,Dundee
S02002853,Clepington,S22000056,Dundee
S02002854,Stobswell,S22000056,Dundee
S02002855,Baxter Park,S22000056,Dundee
S02002856,Craigie and Craigiebank,S22000056,Dundee
S02002857,Douglas West,S22000056,Dundee
S02002858,West Ferry,S22000056,Dundee
S02002859,Douglas East,S22000056,Dundee
S02002860,Broughty Ferry West,S22000056,Dundee
S02002861,Broughty Ferry East,S22000056,Dundee
S02002862,Barnhill,S22000056,Dundee
S02002863,Balgillo,S22000056,Dundee
S02002864,West Pitkerro and Balmossie,S22000056,Dundee
S02002865,Whitfield,S22000056,Dundee
S02002866,Fintry,S22000056,Dundee
S02002867,Claverhouse and North Ballumbie,S22000056,Dundee
S02002868,Linlathen and Midcraigie,S22000056,Dundee
S02002869,Caird Park,S22000056,Dundee
S02002870,Kirkton,S22000056,Dundee
S02002871,Downfield,S22000056,Dundee
S02002872,Fairmuir,S22000056,Dundee
S02002873,Law,S22000056,Dundee
S02002874,Balgay,S22000056,Dundee
S02002875,Menzieshill,S22000056,Dundee
S02002876,Charleston,S22000056,Dundee
S02002877,Lochee,S22000056,Dundee
S02002878,Ardler and St Marys,S22000056,Dundee
S02002879,Western Edge,S22000056,Dundee
S02002880,Doon Valley South,S22000051,Ayr
S02002881,Doon Valley North,S22000051,Ayr
S02002882,Mauchline Rural,S22000051,Ayr
S02002883,Drongan,S22000051,Ayr
S02002884,Mauchline,S22000051,Ayr
S02002885,Cumnock Rural,S22000051,Ayr
S02002886,New Cumnock,S22000051,Ayr
S02002887,Cumnock South and Craigens,S22000051,Ayr
S02002888,Cumnock North,S22000051,Ayr
S02002889,Auchinleck,S22000051,Ayr
S02002890,Northern and Irvine Valley Rural,S22000069,Kilmarnock and Irvine
S02002891,Stewarton East,S22000065,Glasgow
S02002892,Stewarton West,S22000065,Glasgow
S02002893,Darvel,S22000069,Kilmarnock and Irvine
S02002894,Newmilns,S22000069,Kilmarnock and Irvine
S02002895,Galston,S22000069,Kilmarnock and Irvine
S02002896,Earlston and Hurlford Rural,S22000069,Kilmarnock and Irvine
S02002897,Shortlees,S22000069,Kilmarnock and Irvine
S02002898,Bellfield and Kirkstyle,S22000069,Kilmarnock and Irvine
S02002899,Kilmarnock South Central and Caprington,S22000069,Kilmarnock and Irvine
S02002900,Piersland,S22000069,Kilmarnock and Irvine
S02002901,New Farm Loch South,S22000069,Kilmarnock and Irvine
S02002902,Dean and New Farm Loch North,S22000069,Kilmarnock and Irvine
S02002903,Southcraig and Beansburn,S22000069,Kilmarnock and Irvine
S02002904,Altonhill North and Onthank,S22000069,Kilmarnock and Irvine
S02002905,"Altonhill South, Longpark and Hillhead",S22000069,Kilmarnock and Irvine
S02002906,Bonnyton and Town Centre,S22000069,Kilmarnock and Irvine
S02002907,"Grange, Howard and Gargieston",S22000069,Kilmarnock and Irvine
S02002908,"Crosshouse, Gatehead and Kilmaurs Rural",S22000069,Kilmarnock and Irvine
S02002909,Kilmaurs,S22000069,Kilmarnock and Irvine
S02002910,West Clober and Mains Estate,S22000065,Glasgow
S02002911,East Clober and Mains Estate,S22000065,Glasgow
S02002912,Barloch,S22000065,Glasgow
S02002913,Keystone and Dougalston,S22000065,Glasgow
S02002914,Kilmardinny East,S22000065,Glasgow
S02002915,Kilmardinny West,S22000065,Glasgow
S02002916,North Castlehill and Thorn,S22000065,Glasgow
S02002917,South Castlehill and Thorn,S22000065,Glasgow
S02002918,Westerton West,S22000065,Glasgow
S02002919,Westerton East,S22000065,Glasgow
S02002920,Kessington West,S22000065,Glasgow
S02002921,Kessington East,S22000065,Glasgow
S02002922,Torrance and Balmore,S22000065,Glasgow
S02002923,Bishopbriggs North and Kenmure,S22000065,Glasgow
S02002924,Bishopbriggs West and Cadder,S22000065,Glasgow
S02002925,Auchinairn,S22000065,Glasgow
S02002926,Woodhill East,S22000065,Glasgow
S02002927,Woodhill West,S22000065,Glasgow
S02002928,Lenzie North,S22000065,Glasgow
S02002929,Lenzie South,S22000065,Glasgow
S02002930,Kirkintilloch South,S22000065,Glasgow
S02002931,Kirkintilloch West,S22000065,Glasgow
S02002932,Hillhead,S22000065,Glasgow
S02002933,Rosebank and Waterside,S22000065,Glasgow
S02002934,Twechar and Harestanes East,S22000065,Glasgow
S02002935,Harestanes,S22000065,Glasgow
S02002936,Milton of Campsie,S22000065,Glasgow
S02002937,Lennoxtown,S22000065,Glasgow
S02002938,Wallyford,S22000059,Edinburgh
S02002939,Whitecraig,S22000059,Edinburgh
S02002940,Musselburgh South,S22000059,Edinburgh
S02002941,Musselburgh West,S22000059,Edinburgh
S02002942,Musselburgh North,S22000059,Edinburgh
S02002943,Musselburgh East,S22000059,Edinburgh
S02002944,Pinkie Braes,S22000059,Edinburgh
S02002945,Prestonpans West,S22000059,Edinburgh
S02002946,Prestonpans East,S22000059,Edinburgh
S02002947,Cockenzie,S22000059,Edinburgh
S02002948,Tranent East,S22000059,Edinburgh
S02002949,Tranent North Blindwells Levenhall,S22000059,Edinburgh
S02002950,Tranent South,S22000059,Edinburgh
S02002951,Ormiston,S22000059,Edinburgh
S02002952,Aberlady,S22000059,Edinburgh
S02002953,Macmerry Longniddry,S22000059,Edinburgh
S02002954,Haddington Rural,S22000059,Edinburgh
S02002955,Humbie Gifford Garvald,S22000059,Edinburgh
S02002956,Haddington North,S22000059,Edinburgh
S02002957,Haddington South,S22000059,Edinburgh
S02002958,Gullane and Drem,S22000059,Edinburgh
S02002959,North Berwick North,S22000059,Edinburgh
S02002960,North Berwick South,S22000059,Edinburgh
S02002961,East Linton and Rural,S22000059,Edinburgh
S02002962,Dunbar West,S22000059,Edinburgh
S02002963,Dunbar East,S22000059,Edinburgh
S02002964,Neilston East,S22000065,Glasgow
S02002965,Neilston West and Uplawmoor,S22000065,Glasgow
S02002966,Cross Stobbs,S22000065,Glasgow
S02002967,"Dunterlie, East Arthurlie and Dovecothall",S22000065,Glasgow
S02002968,"West Arthurlie, Gateside and Springhill",S22000065,Glasgow
S02002969,Auchenback and Barrhead Dams,S22000065,Glasgow
S02002970,"Crookfur East, Fruin and Greenlaw East",S22000065,Glasgow
S02002971,Crookfur West and Greenlaw West,S22000065,Glasgow
S02002972,"Mearns Village, Westacres and Greenfarm",S22000065,Glasgow
S02002973,Whitecraigs and Broom North,S22000065,Glasgow
S02002974,Kirkhill South and Broom South,S22000065,Glasgow
S02002975,Mearnskirk and Maidenhill,S22000065,Glasgow
S02002976,Eaglesham and Waterfoot,S22000065,Glasgow
S02002977,Kirkhill North,S22000065,Glasgow
S02002978,Busby,S22000065,Glasgow
S02002979,Clarkston and Sheddens,S22000065,Glasgow
S02002980,Williamwood,S22000065,Glasgow
S02002981,Stamperland,S22000065,Glasgow
S02002982,Netherlee,S22000065,Glasgow
S02002983,Merrylee and Braidbar,S22000065,Glasgow
S02002984,Lower Whitecraigs and Giffnock South,S22000065,Glasgow
S02002985,Giffnock North and Thornliebank North,S22000065,Glasgow
S02002986,Thornliebank South and Woodfarm,S22000065,Glasgow
S02002987,Dunipace,S22000061,Falkirk and Stirling
S02002988,"Fankerton, Stoneywood and Denny Town",S22000061,Falkirk and Stirling
S02002989,Denny - Nethermains,S22000061,Falkirk and Stirling
S02002990,Head of Muir and Dennyloanhead,S22000061,Falkirk and Stirling
S02002991,"Banknock, Haggs and Longcroft",S22000061,Falkirk and Stirling
S02002992,Bonnybridge,S22000061,Falkirk and Stirling
S02002993,High Bonnybridge and Greenhill,S22000061,Falkirk and Stirling
S02002994,Larbert - Inches,S22000061,Falkirk and Stirling
S02002995,Larbert - North Broomage,S22000061,Falkirk and Stirling
S02002996,Larbert - South Broomage and Village,S22000061,Falkirk and Stirling
S02002997,Stenhousemuir West,S22000061,Falkirk and Stirling
S02002998,Stenhousemuir East,S22000061,Falkirk and Stirling
S02002999,Stenhousemuir - Antonshill,S22000061,Falkirk and Stirling
S02003000,Carron,S22000061,Falkirk and Stirling
S02003001,Carronshore,S22000061,Falkirk and Stirling
S02003002,Carse and Grangemouth Old Town,S22000061,Falkirk and Stirling
S02003003,Falkirk - Bainsford and Langlees,S22000061,Falkirk and Stirling
S02003004,Falkirk - Merchiston and New Carron Village,S22000061,Falkirk and Stirling
S02003005,Falkirk - Grahamston,S22000061,Falkirk and Stirling
S02003006,Falkirk - Westfield,S22000061,Falkirk and Stirling
S02003007,Falkirk - Middlefield,S22000061,Falkirk and Stirling
S02003008,Falkirk - Town Centre and Callendar Park,S22000061,Falkirk and Stirling
S02003009,Falkirk - Bantaskin,S22000061,Falkirk and Stirling
S02003010,Falkirk - Camelon East,S22000061,Falkirk and Stirling
S02003011,Falkirk - Camelon West,S22000061,Falkirk and Stirling
S02003012,Falkirk - Tamfourhill,S22000061,Falkirk and Stirling
S02003013,Falkirk - Lochgreen and Lionthorn,S22000061,Falkirk and Stirling
S02003014,Hallglen and Glen Village,S22000061,Falkirk and Stirling
S02003015,Shieldhill,S22000061,Falkirk and Stirling
S02003016,Braes Villages,S22000061,Falkirk and Stirling
S02003017,Reddingmuirhead and Overton,S22000061,Falkirk and Stirling
S02003018,Brightons and Wallacestone,S22000061,Falkirk and Stirling
S02003019,Maddiston and Rumford,S22000061,Falkirk and Stirling
S02003020,Polmont,S22000061,Falkirk and Stirling
S02003021,Redding,S22000061,Falkirk and Stirling
S02003022,Laurieston and Westquarter,S22000061,Falkirk and Stirling
S02003023,Grangemouth - Newlands,S22000061,Falkirk and Stirling
S02003024,Grangemouth - Town Centre,S22000061,Falkirk and Stirling
S02003025,Grangemouth - Kersiebank,S22000061,Falkirk and Stirling
S02003026,Grangemouth - Bowhouse,S22000061,Falkirk and Stirling
S02003027,Bo'ness - Kinneil,S22000070,Livingston
S02003028,Bo'ness - Newtown,S22000070,Livingston
S02003029,Bo'ness - town centre,S22000070,Livingston
S02003030,"Blackness, Bo'ness - Carriden and Grahamsdyke",S22000070,Livingston
S02003031,Kincardine,S22000061,Falkirk and Stirling
S02003032,Comrie and Oakley,S22000057,Dunfermline and Kirkcaldy
S02003033,Blairhall Saline and Carnock,S22000057,Dunfermline and Kirkcaldy
S02003034,Valleyfield Culross and Torryburn,S22000057,Dunfermline and Kirkcaldy
S02003035,Cairneyhill and Crombie,S22000057,Dunfermline and Kirkcaldy
S02003036,Crossford Charlestown and Limekilns,S22000057,Dunfermline and Kirkcaldy
S02003037,Dunfermline Milesmark and Wellwood,S22000057,Dunfermline and Kirkcaldy
S02003038,Dunfermline Baldridgeburn,S22000057,Dunfermline and Kirkcaldy
S02003039,Dunfermline Headwell,S22000057,Dunfermline and Kirkcaldy
S02003040,Dunfermline Central,S22000057,Dunfermline and Kirkcaldy
S02003041,Dunfermline Brucefield,S22000057,Dunfermline and Kirkcaldy
S02003042,Dunfermline Garvock Hill,S22000057,Dunfermline and Kirkcaldy
S02003043,Townhill and Kingseat,S22000057,Dunfermline and Kirkcaldy
S02003044,Dunfermline Bellyeoman,S22000057,Dunfermline and Kirkcaldy
S02003045,Dunfermline Duloch North,S22000057,Dunfermline and Kirkcaldy
S02003046,Dunfermline Halbeath and Lynebank,S22000057,Dunfermline and Kirkcaldy
S02003047,Dunfermline Touch and Woodmill,S22000057,Dunfermline and Kirkcaldy
S02003048,Dunfermline Abbeyview North,S22000057,Dunfermline and Kirkcaldy
S02003049,Dunfermline Abbeyview South,S22000057,Dunfermline and Kirkcaldy
S02003050,Dunfermline Duloch South,S22000057,Dunfermline and Kirkcaldy
S02003051,Dunfermline Masterton,S22000057,Dunfermline and Kirkcaldy
S02003052,Dunfermline Pitcorthie East,S22000057,Dunfermline and Kirkcaldy
S02003053,Dunfermline Pitcorthie West,S22000057,Dunfermline and Kirkcaldy
S02003054,Rosyth North,S22000057,Dunfermline and Kirkcaldy
S02003055,Rosyth East,S22000057,Dunfermline and Kirkcaldy
S02003056,Rosyth Central,S22000057,Dunfermline and Kirkcaldy
S02003057,Rosyth South,S22000057,Dunfermline and Kirkcaldy
S02003058,North Queensferry and Inverkeithing West,S22000057,Dunfermline and Kirkcaldy
S02003059,Inverkeithing East,S22000057,Dunfermline and Kirkcaldy
S02003060,Dalgety Bay West and Hillend,S22000057,Dunfermline and Kirkcaldy
S02003061,Dalgety Bay Central,S22000057,Dunfermline and Kirkcaldy
S02003062,Dalgety Bay East,S22000057,Dunfermline and Kirkcaldy
S02003063,Crossgates and South Knowe,S22000057,Dunfermline and Kirkcaldy
S02003064,Hill of Beath,S22000057,Dunfermline and Kirkcaldy
S02003065,Cowdenbeath South,S22000057,Dunfermline and Kirkcaldy
S02003066,Cowdenbeath North,S22000057,Dunfermline and Kirkcaldy
S02003067,Kelty West,S22000057,Dunfermline and Kirkcaldy
S02003068,Kelty East and Landward,S22000057,Dunfermline and Kirkcaldy
S02003069,Lochore and Crosshill,S22000057,Dunfermline and Kirkcaldy
S02003070,Ballingry,S22000057,Dunfermline and Kirkcaldy
S02003071,Cardenden,S22000057,Dunfermline and Kirkcaldy
S02003072,Lochgelly East,S22000057,Dunfermline and Kirkcaldy
S02003073,Lochgelly West and Lumphinnans,S22000057,Dunfermline and Kirkcaldy
S02003074,Aberdour and Auchtertool,S22000057,Dunfermline and Kirkcaldy
S02003075,Burntisland West,S22000057,Dunfermline and Kirkcaldy
S02003076,Burntisland East,S22000057,Dunfermline and Kirkcaldy
S02003077,Kinghorn,S22000057,Dunfermline and Kirkcaldy
S02003078,Kirkcaldy Linktown and Seafield,S22000057,Dunfermline and Kirkcaldy
S02003079,Kirkcaldy Central,S22000057,Dunfermline and Kirkcaldy
S02003080,Kirkcaldy Bennochy East,S22000057,Dunfermline and Kirkcaldy
S02003081,Kirkcaldy Bennochy West,S22000057,Dunfermline and Kirkcaldy
S02003082,Kirkcaldy Raith,S22000057,Dunfermline and Kirkcaldy
S02003083,Kirkcaldy Newliston and Redcraigs,S22000057,Dunfermline and Kirkcaldy
S02003084,Kirkcaldy Templehall West,S22000057,Dunfermline and Kirkcaldy
S02003085,Kirkcaldy Templehall East,S22000057,Dunfermline and Kirkcaldy
S02003086,Kirkcaldy Dunnikier,S22000057,Dunfermline and Kirkcaldy
S02003087,Kirkcaldy Chapel,S22000057,Dunfermline and Kirkcaldy
S02003088,Kirkcaldy Hayfield and Smeaton,S22000057,Dunfermline and Kirkcaldy
S02003089,Kirkcaldy Pathhead,S22000057,Dunfermline and Kirkcaldy
S02003090,Kirkcaldy Gallatown and Sinclairtown,S22000057,Dunfermline and Kirkcaldy
S02003091,Dysart,S22000057,Dunfermline and Kirkcaldy
S02003092,Wemyss,S22000057,Dunfermline and Kirkcaldy
S02003093,Thornton and Kinglassie,S22000057,Dunfermline and Kirkcaldy
S02003094,Leslie and Newcastle,S22000057,Dunfermline and Kirkcaldy
S02003095,Glenrothes Macedonia and Tanshall,S22000057,Dunfermline and Kirkcaldy
S02003096,Glenrothes South Parks,S22000057,Dunfermline and Kirkcaldy
S02003097,Glenrothes Caskieberran and Rimbleton,S22000057,Dunfermline and Kirkcaldy
S02003098,Glenrothes Auchmuty,S22000057,Dunfermline and Kirkcaldy
S02003099,Glenrothes Stenton and Finglassie,S22000057,Dunfermline and Kirkcaldy
S02003100,Glenrothes Pitteuchar,S22000057,Dunfermline and Kirkcaldy
S02003101,Glenrothes Woodside,S22000057,Dunfermline and Kirkcaldy
S02003102,Glenrothes Balgeddie,S22000057,Dunfermline and Kirkcaldy
S02003103,Glenrothes Collydean,S22000057,Dunfermline and Kirkcaldy
S02003104,Glenrothes Cadham and Pitcoudie,S22000057,Dunfermline and Kirkcaldy
S02003105,Glenrothes Balfarg Pitcairn and Coul,S22000057,Dunfermline and Kirkcaldy
S02003106,Markinch and Star,S22000057,Dunfermline and Kirkcaldy
S02003107,Windygates and Coaltown,S22000057,Dunfermline and Kirkcaldy
S02003108,Buckhaven Denbeath and Muiredge,S22000057,Dunfermline and Kirkcaldy
S02003109,Methil Methilhill,S22000057,Dunfermline and Kirkcaldy
S02003110,Methil West,S22000057,Dunfermline and Kirkcaldy
S02003111,Methil East,S22000057,Dunfermline and Kirkcaldy
S02003112,Leven East,S22000057,Dunfermline and Kirkcaldy
S02003113,Leven West,S22000057,Dunfermline and Kirkcaldy
S02003114,Leven North,S22000057,Dunfermline and Kirkcaldy
S02003115,Largo,S22000078,St Andrews and Cupar
S02003116,Kennoway and Bonnybank,S22000057,Dunfermline and Kirkcaldy
S02003117,Kettle and Ladybank,S22000078,St Andrews and Cupar
S02003118,Falkland and Freuchie,S22000057,Dunfermline and Kirkcaldy
S02003119,Auchtermuchty and Gateside,S22000057,Dunfermline and Kirkcaldy
S02003120,Newburgh,S22000078,St Andrews and Cupar
S02003121,Cupar West and Springfield,S22000078,St Andrews and Cupar
S02003122,Cupar Central,S22000078,St Andrews and Cupar
S02003123,Cupar East,S22000078,St Andrews and Cupar
S02003124,Dairsie Ceres and Dunino,S22000078,St Andrews and Cupar
S02003125,Elie Colinsburgh and Largoward,S22000078,St Andrews and Cupar
S02003126,St Monans and Pittenweem,S22000078,St Andrews and Cupar
S02003127,Anstruther,S22000078,St Andrews and Cupar
S02003128,Crail and Boarhills,S22000078,St Andrews and Cupar
S02003129,St Andrews South East,S22000078,St Andrews and Cupar
S02003130,St Andrews Central,S22000078,St Andrews and Cupar
S02003131,St Andrews South West,S22000078,St Andrews and Cupar
S02003132,St Andrews North and Strathkinness,S22000078,St Andrews and Cupar
S02003133,Leuchars and Guardbridge,S22000078,St Andrews and Cupar
S02003134,Balmullo and Gauldry,S22000078,St Andrews and Cupar
S02003135,Tayport,S22000056,Dundee
S02003136,Newport and Wormit,S22000056,Dundee
S02003137,Darnley East,S22000065,Glasgow
S02003138,Darnley North,S22000065,Glasgow
S02003139,Darnley West,S22000065,Glasgow
S02003140,Nitshill,S22000065,Glasgow
S02003141,South Nitshill,S22000065,Glasgow
S02003142,Crookston South,S22000065,Glasgow
S02003143,Crookston North,S22000065,Glasgow
S02003144,Pollok South and West,S22000065,Glasgow
S02003145,Pollok North and East,S22000065,Glasgow
S02003146,Cardonald South and East,S22000065,Glasgow
S02003147,Cardonald North,S22000065,Glasgow
S02003148,Cardonald West and Central,S22000065,Glasgow
S02003149,Penilee,S22000065,Glasgow
S02003150,Hillington,S22000065,Glasgow
S02003151,Drumoyne and Shieldhall,S22000065,Glasgow
S02003152,Govan and Linthouse,S22000065,Glasgow
S02003153,Craigton,S22000065,Glasgow
S02003154,Mosspark,S22000065,Glasgow
S02003155,Ibrox,S22000065,Glasgow
S02003156,Ibrox East and Cessnock,S22000065,Glasgow
S02003157,Kinning Park and Festival Park,S22000065,Glasgow
S02003158,Kingston West and Dumbreck,S22000065,Glasgow
S02003159,Pollokshields West,S22000065,Glasgow
S02003160,Pollokshields East,S22000065,Glasgow
S02003161,Govanhill West,S22000065,Glasgow
S02003162,Govanhill East and Aikenhead,S22000065,Glasgow
S02003163,Battlefield,S22000065,Glasgow
S02003164,Strathbungo,S22000065,Glasgow
S02003165,Maxwell Park,S22000065,Glasgow
S02003166,Shawlands West,S22000065,Glasgow
S02003167,Shawlands East,S22000065,Glasgow
S02003168,Langside,S22000065,Glasgow
S02003169,Pollokshaws,S22000065,Glasgow
S02003170,Carnwadric West,S22000065,Glasgow
S02003171,Carnwadric East,S22000065,Glasgow
S02003172,Newlands,S22000065,Glasgow
S02003173,Merrylee and Millbrae,S22000065,Glasgow
S02003174,Muirend and Old Cathcart,S22000065,Glasgow
S02003175,Carmunnock North,S22000065,Glasgow
S02003176,Glenwood South,S22000065,Glasgow
S02003177,Glenwood North,S22000065,Glasgow
S02003178,Castlemilk,S22000065,Glasgow
S02003179,Kingspark South,S22000065,Glasgow
S02003180,Kingspark North,S22000065,Glasgow
S02003181,Cathcart,S22000065,Glasgow
S02003182,Mount Florida,S22000065,Glasgow
S02003183,Toryglen and Oatlands,S22000065,Glasgow
S02003184,Polmadie and Toryglen,S22000065,Glasgow
S02003185,Gorbals and Hutchesontown,S22000065,Glasgow
S02003186,Laurieston and Tradeston,S22000065,Glasgow
S02003187,Calton and Gallowgate,S22000065,Glasgow
S02003188,Bridgeton,S22000065,Glasgow
S02003189,Dalmarnock,S22000065,Glasgow
S02003190,Parkhead West and Barrowfield,S22000065,Glasgow
S02003191,Barrowfield Central,S22000065,Glasgow
S02003192,Parkhead East and Braidfauld North,S22000065,Glasgow
S02003193,Braidfauld,S22000065,Glasgow
S02003194,Braidfauld West,S22000065,Glasgow
S02003195,Shettleston South,S22000065,Glasgow
S02003196,Carmyle and Mount Vernon South,S22000065,Glasgow
S02003197,Mount Vernon North and Sandyhills,S22000065,Glasgow
S02003198,Baillieston West,S22000065,Glasgow
S02003199,Baillieston East,S22000065,Glasgow
S02003200,Baillieston South,S22000065,Glasgow
S02003201,Garrowhill West,S22000065,Glasgow
S02003202,Garrowhill East and Swinton,S22000065,Glasgow
S02003203,Easterhouse East,S22000065,Glasgow
S02003204,Central Easterhouse,S22000065,Glasgow
S02003205,"Garthamlock, Auchinlea and Gartloch",S22000065,Glasgow
S02003206,North Barlanark and Easterhouse South,S22000065,Glasgow
S02003207,Barlanark,S22000065,Glasgow
S02003208,Greenfield,S22000065,Glasgow
S02003209,Shettleston North,S22000065,Glasgow
S02003210,Tollcross,S22000065,Glasgow
S02003211,Old Shettleston and Parkhead North,S22000065,Glasgow
S02003212,Carntyne,S22000065,Glasgow
S02003213,"Cranhill, Lightburn and Queenslie South",S22000065,Glasgow
S02003214,Craigend and Ruchazie,S22000065,Glasgow
S02003215,Riddrie and Hogganfield,S22000065,Glasgow
S02003216,Blackhill and Barmulloch East,S22000065,Glasgow
S02003217,Robroyston and Millerston,S22000065,Glasgow
S02003218,Robroyston South,S22000065,Glasgow
S02003219,Balornock,S22000065,Glasgow
S02003220,Barmulloch,S22000065,Glasgow
S02003221,Petershill,S22000065,Glasgow
S02003222,Springburn,S22000065,Glasgow
S02003223,Springburn East and Cowlairs,S22000065,Glasgow
S02003224,Cowlairs and Port Dundas,S22000065,Glasgow
S02003225,"Roystonhill, Blochairn, and Provanmill",S22000065,Glasgow
S02003226,Dennistoun North,S22000065,Glasgow
S02003227,Alexandra Parade,S22000065,Glasgow
S02003228,Carntyne West and Haghill,S22000065,Glasgow
S02003229,Dennistoun,S22000065,Glasgow
S02003230,Gallowgate North and Bellgrove,S22000065,Glasgow
S02003231,City Centre East,S22000065,Glasgow
S02003232,City Centre West,S22000065,Glasgow
S02003233,City Centre South,S22000065,Glasgow
S02003234,Anderston,S22000065,Glasgow
S02003235,Finnieston and Kelvinhaugh,S22000065,Glasgow
S02003236,Yorkhill,S22000065,Glasgow
S02003237,Woodlands,S22000065,Glasgow
S02003238,Kelvinbridge South,S22000065,Glasgow
S02003239,Woodside,S22000065,Glasgow
S02003240,Firhill,S22000065,Glasgow
S02003241,Keppochhill,S22000065,Glasgow
S02003242,Ruchill,S22000065,Glasgow
S02003243,Ruchill Park,S22000065,Glasgow
S02003244,Possil Park,S22000065,Glasgow
S02003245,Milton West,S22000065,Glasgow
S02003246,Milton East,S22000065,Glasgow
S02003247,Summerston Central and West,S22000065,Glasgow
S02003248,Summerston North,S22000065,Glasgow
S02003249,Maryhill East,S22000065,Glasgow
S02003250,Maryhill West,S22000065,Glasgow
S02003251,Wyndford,S22000065,Glasgow
S02003252,Kelvindale,S22000065,Glasgow
S02003253,North Kelvin,S22000065,Glasgow
S02003254,Kelvingrove and University,S22000065,Glasgow
S02003255,Hillhead,S22000065,Glasgow
S02003256,Glasgow Harbour and Partick South,S22000065,Glasgow
S02003257,Partick,S22000065,Glasgow
S02003258,Partickhill and Hyndland,S22000065,Glasgow
S02003259,Dowanhill,S22000065,Glasgow
S02003260,Kelvinside and Jordanhill,S22000065,Glasgow
S02003261,Broomhill,S22000065,Glasgow
S02003262,Victoria Park,S22000065,Glasgow
S02003263,Scotstoun North and East,S22000065,Glasgow
S02003264,Scotstoun South and West,S22000065,Glasgow
S02003265,Yoker South,S22000065,Glasgow
S02003266,Yoker North,S22000065,Glasgow
S02003267,Knightswood West,S22000065,Glasgow
S02003268,Knightswood East,S22000065,Glasgow
S02003269,Knightswood Park West,S22000065,Glasgow
S02003270,Knightswood Park East,S22000065,Glasgow
S02003271,Anniesland East,S22000065,Glasgow
S02003272,Anniesland West,S22000065,Glasgow
S02003273,Blairdardie East,S22000065,Glasgow
S02003274,Blairdardie West,S22000065,Glasgow
S02003275,Drumchapel South,S22000065,Glasgow
S02003276,Drumchapel North,S22000065,Glasgow
S02003277,Drumry East,S22000065,Glasgow
S02003278,Drumry West,S22000065,Glasgow
S02003279,Lochaber West,S22000062,Fort William
S02003280,Fort William North,S22000062,Fort William
S02003281,Fort William South,S22000062,Fort William
S02003282,Lochaber East and North,S22000062,Fort William
S02003283,Badenoch and Strathspey South,S22000050,Aviemore and Grantown-on-Spey
S02003284,Badenoch and Strathspey Central,S22000050,Aviemore and Grantown-on-Spey
S02003285,Badenoch and Strathspey North,S22000050,Aviemore and Grantown-on-Spey
S02003286,Nairn Rural,S22000068,Inverness
S02003287,Nairn East,S22000068,Inverness
S02003288,Nairn West,S22000068,Inverness
S02003289,Inverness East Rural,S22000068,Inverness
S02003290,Inverness Culloden and Balloch,S22000068,Inverness
S02003291,Inverness Smithton,S22000068,Inverness
S02003292,Inverness Westhill,S22000068,Inverness
S02003293,Inverness Inshes,S22000068,Inverness
S02003294,Inverness Slackbuie,S22000068,Inverness
S02003295,Inverness Lochardil and Holm Mains,S22000068,Inverness
S02003296,Inverness Drummond,S22000068,Inverness
S02003297,Inverness Hilton,S22000068,Inverness
S02003298,Inverness Drakies,S22000068,Inverness
S02003299,"Inverness Central, Raigmore and Longman",S22000068,Inverness
S02003300,Inverness Crown and Haugh,S22000068,Inverness
S02003301,Inverness Ballifeary and Dalneigh,S22000068,Inverness
S02003302,Inverness Muirtown,S22000068,Inverness
S02003303,Inverness Merkinch,S22000068,Inverness
S02003304,Inverness Scorguie,S22000068,Inverness
S02003305,Inverness Kinmylies and South West,S22000068,Inverness
S02003306,Inverness West Rural,S22000068,Inverness
S02003307,Inverness West Strathglass,S22000068,Inverness
S02003308,Loch Ness,S22000062,Fort William
S02003309,Lochalsh,S22000052,Broadford and Kyle of Lochalsh
S02003310,Skye South,S22000052,Broadford and Kyle of Lochalsh
S02003311,Skye North East,S22000077,Portree
S02003312,Skye North West,S22000077,Portree
S02003313,Ross and Cromarty South West,S22000052,Broadford and Kyle of Lochalsh
S02003314,Ross and Cromarty North West,S22000082,Ullapool
S02003315,Ross and Cromarty Central,S22000068,Inverness
S02003316,Ross and Cromarty East,S22000048,Alness and Invergordon
S02003317,Muir of Ord,S22000068,Inverness
S02003318,Conon,S22000068,Inverness
S02003319,Dingwall,S22000068,Inverness
S02003320,Black Isle South,S22000068,Inverness
S02003321,Black Isle Fortrose and Avoch,S22000068,Inverness
S02003322,Black Isle North,S22000068,Inverness
S02003323,Alness,S22000048,Alness and Invergordon
S02003324,Invergordon,S22000048,Alness and Invergordon
S02003325,Seaboard,S22000048,Alness and Invergordon
S02003326,Tain,S22000048,Alness and Invergordon
S02003327,Sutherland South,S22000066,Golspie and Brora
S02003328,Sutherland East,S22000066,Golspie and Brora
S02003329,Caithness South,S22000083,Wick
S02003330,Wick South,S22000083,Wick
S02003331,Wick North,S22000083,Wick
S02003332,Caithness North East,S22000083,Wick
S02003333,Caithness North West,S22000080,Thurso
S02003334,Thurso East,S22000080,Thurso
S02003335,Thurso West,S22000080,Thurso
S02003336,Sutherland North and West,S22000082,Ullapool
S02003337,Kilmacolm Central,S22000085,Greenock
S02003338,"Kilmacolm, Quarriers, Greenock Upper East/Central",S22000085,Greenock
S02003339,Inverkip and Wemyss Bay,S22000085,Greenock
S02003340,West Braeside and West Gourock,S22000085,Greenock
S02003341,Gourock Upper and West Central,S22000085,Greenock
S02003342,Gourock Central and Upper East,S22000085,Greenock
S02003343,"Braeside, Branchton, Ravenscraig",S22000085,Greenock
S02003344,Larkfield,S22000085,Greenock
S02003345,"Bow Farm, Fancy Farm and Mallard Bowl",S22000085,Greenock
S02003346,"Gourock East, Greenock West and Lyle Road",S22000085,Greenock
S02003347,Greenock West and Central,S22000085,Greenock
S02003348,"Gateside, Pennyfern, Cowdenknowes, Overton and upper Drumfrochar",S22000085,Greenock
S02003349,Greenock Upper Central,S22000085,Greenock
S02003350,Greenock Town Centre and East Central,S22000085,Greenock
S02003351,Greenock Upper East,S22000085,Greenock
S02003352,Greenock Lower East,S22000085,Greenock
S02003353,"Port Glasgow Upper, West and Central",S22000085,Greenock
S02003354,"Port Glasgow Mid, East and Central",S22000085,Greenock
S02003355,Port Glasgow Upper East,S22000085,Greenock
S02003356,Rural South Midlothian,S22000059,Edinburgh
S02003357,Penicuik Southeast,S22000059,Edinburgh
S02003358,Penicuik Southwest,S22000059,Edinburgh
S02003359,Penicuik East,S22000059,Edinburgh
S02003360,Penicuik North,S22000059,Edinburgh
S02003361,Pentland,S22000059,Edinburgh
S02003362,Roslin and Bilston,S22000059,Edinburgh
S02003363,Straiton,S22000059,Edinburgh
S02003364,Loanhead,S22000059,Edinburgh
S02003365,Poltonhall,S22000059,Edinburgh
S02003366,Bonnyrigg North,S22000059,Edinburgh
S02003367,Hopefield,S22000059,Edinburgh
S02003368,Dalhousie,S22000059,Edinburgh
S02003369,Eskbank and Newbattle,S22000059,Edinburgh
S02003370,"Danderhall, Shawfair and Midlothian North",S22000059,Edinburgh
S02003371,Woodburn,S22000059,Edinburgh
S02003372,Dalkeith,S22000059,Edinburgh
S02003373,Rural North East Midlothian,S22000059,Edinburgh
S02003374,Pathhead and Rural South East Midlothian,S22000059,Edinburgh
S02003375,Easthouses,S22000059,Edinburgh
S02003376,Mayfield,S22000059,Edinburgh
S02003377,Newtongrange,S22000059,Edinburgh
S02003378,North Gorebridge,S22000059,Edinburgh
S02003379,Gorebridge and Birkenside,S22000059,Edinburgh
S02003380,"Aberlour, South Speyside and the Cabrach",S22000060,Elgin
S02003381,Rothes and North Speyside,S22000060,Elgin
S02003382,Rural Keith and Strathisla,S22000060,Elgin
S02003383,Keith and Fife Keith,S22000060,Elgin
S02003384,"Cullen, Portknockie, Findochty, Drybridge and Berryhillock",S22000060,Elgin
S02003385,Buckie Central East,S22000060,Elgin
S02003386,"Buckie West, Buckpool and Mains of Buckie",S22000060,Elgin
S02003387,"Mosstodloch, Portgordon, Urquhart and seaward",S22000060,Elgin
S02003388,"Fochabers, Aultmore, Clochan and Ordiquish",S22000060,Elgin
S02003389,"Heldon West, Miltonduff and Fogwatt to Inchberry",S22000060,Elgin
S02003390,"Lhanbryde, Troves, Pitgavney and seaward",S22000060,Elgin
S02003391,"Elgin Central East, Kingsmills, Ashgrove and Pinefield",S22000060,Elgin
S02003392,New Elgin East and The Wards,S22000060,Elgin
S02003393,New Elgin West,S22000060,Elgin
S02003394,Elgin Central West,S22000060,Elgin
S02003395,"Elgin Bishopmill East, Ladyhill and High Street",S22000060,Elgin
S02003396,Elgin Bishopmill West and Newfield,S22000060,Elgin
S02003397,Lossiemouth East and Seatown,S22000060,Elgin
S02003398,Lossiemouth West,S22000060,Elgin
S02003399,"Burghead, Roseisle and Laich",S22000060,Elgin
S02003400,"Kinloss, Alves and Pluscarden Valley",S22000060,Elgin
S02003401,Forres Central East,S22000060,Elgin
S02003402,"Forres South West, Pilmuir and Mannachie",S22000060,Elgin
S02003403,"Findhorn, Rafford, Dallas, Dyke to Dava",S22000060,Elgin
S02003404,Barra and South Uist,S22000013,Western Isles
S02003405,Benbecula and North Uist,S22000013,Western Isles
S02003406,South Lewis,S22000013,Western Isles
S02003407,Northwest Lewis,S22000013,Western Isles
S02003408,Broadbay,S22000013,Western Isles
S02003409,Stornoway West,S22000013,Western Isles
S02003410,Stornoway East,S22000013,Western Isles
S02003411,Point to Sandwick,S22000013,Western Isles
S02003412,Arran,S22000069,Kilmarnock and Irvine
S02003413,Springside and Rural,S22000069,Kilmarnock and Irvine
S02003414,Irvine Tarryholme,S22000069,Kilmarnock and Irvine
S02003415,Dreghorn,S22000069,Kilmarnock and Irvine
S02003416,Irvine Broomlands,S22000069,Kilmarnock and Irvine
S02003417,Irvine Bourtreehill,S22000069,Kilmarnock and Irvine
S02003418,Irvine Girdle Toll and Staneca,S22000069,Kilmarnock and Irvine
S02003419,Irvine Perceton and Lawthorn,S22000069,Kilmarnock and Irvine
S02003420,Irvine Castlepark North,S22000069,Kilmarnock and Irvine
S02003421,Irvine Castlepark South,S22000069,Kilmarnock and Irvine
S02003422,Irvine East,S22000069,Kilmarnock and Irvine
S02003423,Irvine Central,S22000069,Kilmarnock and Irvine
S02003424,Irvine Fullarton,S22000069,Kilmarnock and Irvine
S02003425,Stevenston Ardeer,S22000069,Kilmarnock and Irvine
S02003426,Saltcoats Central,S22000069,Kilmarnock and Irvine
S02003427,Ardrossan Central,S22000069,Kilmarnock and Irvine
S02003428,Ardrossan North West,S22000069,Kilmarnock and Irvine
S02003429,Ardrossan North East,S22000069,Kilmarnock and Irvine
S02003430,Saltcoats North West,S22000069,Kilmarnock and Irvine
S02003431,Saltcoats North East,S22000069,Kilmarnock and Irvine
S02003432,Stevenston North West,S22000069,Kilmarnock and Irvine
S02003433,Stevenston Hayocks,S22000069,Kilmarnock and Irvine
S02003434,Kilwinning Whitehirst Park and Woodside,S22000069,Kilmarnock and Irvine
S02003435,Kilwinning Pennyburn,S22000069,Kilmarnock and Irvine
S02003436,Kilwinning West and Blacklands,S22000069,Kilmarnock and Irvine
S02003437,Kilwinning Central and North,S22000069,Kilmarnock and Irvine
S02003438,Dalry East and Rural,S22000069,Kilmarnock and Irvine
S02003439,Dalry West,S22000069,Kilmarnock and Irvine
S02003440,Fairlie and Rural,S22000069,Kilmarnock and Irvine
S02003441,West Kilbride and Seamill,S22000069,Kilmarnock and Irvine
S02003442,Largs South,S22000069,Kilmarnock and Irvine
S02003443,Largs Central and Cumbrae,S22000069,Kilmarnock and Irvine
S02003444,Largs North,S22000069,Kilmarnock and Irvine
S02003445,Skelmorlie and Rural,S22000069,Kilmarnock and Irvine
S02003446,Kilbirnie North,S22000069,Kilmarnock and Irvine
S02003447,Kilbirnie South and Longbar,S22000069,Kilmarnock and Irvine
S02003448,Beith West,S22000069,Kilmarnock and Irvine
S02003449,Beith East and Rural,S22000069,Kilmarnock and Irvine
S02003450,Overtown,S22000071,Motherwell and Airdrie
S02003451,Netherton and Kirkhill,S22000071,Motherwell and Airdrie
S02003452,Muirhouse,S22000071,Motherwell and Airdrie
S02003453,Muirhouse and Knowetop,S22000071,Motherwell and Airdrie
S02003454,Flemington,S22000071,Motherwell and Airdrie
S02003455,Craigneuk Wishaw,S22000071,Motherwell and Airdrie
S02003456,Pather,S22000071,Motherwell and Airdrie
S02003457,Wishaw South,S22000071,Motherwell and Airdrie
S02003458,Wishaw North,S22000071,Motherwell and Airdrie
S02003459,Coltness,S22000071,Motherwell and Airdrie
S02003460,Wishaw East,S22000071,Motherwell and Airdrie
S02003461,Newmains,S22000071,Motherwell and Airdrie
S02003462,Allanton - Newmains Rural,S22000071,Motherwell and Airdrie
S02003463,Shotts,S22000071,Motherwell and Airdrie
S02003464,Stane,S22000071,Motherwell and Airdrie
S02003465,Harthill and Salsburgh,S22000071,Motherwell and Airdrie
S02003466,Salsburgh,S22000071,Motherwell and Airdrie
S02003467,Cleland,S22000071,Motherwell and Airdrie
S02003468,Dalziel and Hartwood,S22000071,Motherwell and Airdrie
S02003469,Newarthill,S22000071,Motherwell and Airdrie
S02003470,Carfin North,S22000071,Motherwell and Airdrie
S02003471,Clydesdale and New Stevenston,S22000071,Motherwell and Airdrie
S02003472,Carfin and Cleekhimin,S22000071,Motherwell and Airdrie
S02003473,Motherwell South,S22000071,Motherwell and Airdrie
S02003474,Ladywell,S22000071,Motherwell and Airdrie
S02003475,Motherwell West,S22000071,Motherwell and Airdrie
S02003476,Motherwell North,S22000071,Motherwell and Airdrie
S02003477,Forgewood,S22000071,Motherwell and Airdrie
S02003478,Holytown,S22000071,Motherwell and Airdrie
S02003479,Milnwood,S22000071,Motherwell and Airdrie
S02003480,Orbiston,S22000071,Motherwell and Airdrie
S02003481,Bellshill South,S22000071,Motherwell and Airdrie
S02003482,Hattonrigg,S22000071,Motherwell and Airdrie
S02003483,Bellshill Central,S22000071,Motherwell and Airdrie
S02003484,Fallside,S22000071,Motherwell and Airdrie
S02003485,Viewpark,S22000071,Motherwell and Airdrie
S02003486,Birkenshaw,S22000071,Motherwell and Airdrie
S02003487,Kirkwood and Bargeddie,S22000071,Motherwell and Airdrie
S02003488,Kirkshaws,S22000071,Motherwell and Airdrie
S02003489,Dundyvan,S22000071,Motherwell and Airdrie
S02003490,Drumpellier and Langloan,S22000071,Motherwell and Airdrie
S02003491,Coatbridge West,S22000071,Motherwell and Airdrie
S02003492,Townhead,S22000071,Motherwell and Airdrie
S02003493,Sunnyside and Cliftonville,S22000071,Motherwell and Airdrie
S02003494,Cliftonville,S22000071,Motherwell and Airdrie
S02003495,Shawhead and Whifflet,S22000071,Motherwell and Airdrie
S02003496,Greenend and Carnbroe,S22000071,Motherwell and Airdrie
S02003497,Calderbank and Brownsburn,S22000071,Motherwell and Airdrie
S02003498,Chapelhall West,S22000071,Motherwell and Airdrie
S02003499,Chapelhall East,S22000071,Motherwell and Airdrie
S02003500,Craigneuk Airdrie,S22000071,Motherwell and Airdrie
S02003501,Petersburn,S22000071,Motherwell and Airdrie
S02003502,Gartlea,S22000071,Motherwell and Airdrie
S02003503,Cairnhill,S22000071,Motherwell and Airdrie
S02003504,Coatdyke and Whinhall,S22000071,Motherwell and Airdrie
S02003505,Thrashbush,S22000071,Motherwell and Airdrie
S02003506,Airdrie North,S22000071,Motherwell and Airdrie
S02003507,Drumgelloch,S22000071,Motherwell and Airdrie
S02003508,Caldercruix and Plains,S22000071,Motherwell and Airdrie
S02003509,Glenmavis and Greengairs,S22000071,Motherwell and Airdrie
S02003510,Gartcosh,S22000065,Glasgow
S02003511,Marnoch and Glenboig,S22000071,Motherwell and Airdrie
S02003512,Cardowan and Millerston,S22000065,Glasgow
S02003513,Stepps,S22000065,Glasgow
S02003514,Chryston and Muirhead,S22000065,Glasgow
S02003515,Moodiesburn West,S22000065,Glasgow
S02003516,Moodiesburn East,S22000065,Glasgow
S02003517,Westfield,S22000065,Glasgow
S02003518,Broadwood,S22000065,Glasgow
S02003519,Condorrat,S22000065,Glasgow
S02003520,Greenfaulds,S22000065,Glasgow
S02003521,Seafar,S22000065,Glasgow
S02003522,Cumbernauld Central,S22000065,Glasgow
S02003523,Kildrum,S22000065,Glasgow
S02003524,Abronhill South,S22000065,Glasgow
S02003525,Abronhill North,S22000065,Glasgow
S02003526,Village and Castlecary,S22000065,Glasgow
S02003527,Carrickstone,S22000065,Glasgow
S02003528,Balloch West,S22000065,Glasgow
S02003529,Balloch East,S22000065,Glasgow
S02003530,Klisyth East,S22000065,Glasgow
S02003531,"Croy, Dullatar and Banton",S22000065,Glasgow
S02003532,Kilsyth Bogside,S22000065,Glasgow
S02003533,Balmalloch,S22000065,Glasgow
S02003534,"Stromness, Sandwick and Stenness",S22000035,Orkney Islands
S02003535,West Mainland,S22000035,Orkney Islands
S02003536,East Mainland,S22000035,Orkney Islands
S02003537,West Kirkwall,S22000035,Orkney Islands
S02003538,East Kirkwall,S22000035,Orkney Islands
S02003539,Isles,S22000035,Orkney Islands
S02003540,"Powmill, Cleish and Scotlandwell",S22000074,Perth
S02003541,Kinross,S22000074,Perth
S02003542,Milnathort and Crook of Devon,S22000074,Perth
S02003543,"Muthill, Greenloaning and Gleneagles",S22000074,Perth
S02003544,Auchterarder,S22000074,Perth
S02003545,"Comrie, Gilmerton and St Fillans",S22000074,Perth
S02003546,Crieff North,S22000074,Perth
S02003547,Crieff South,S22000074,Perth
S02003548,Almondbank and Pitcairngreen,S22000074,Perth
S02003549,"Glenfarg, Dunning and Rhynd",S22000074,Perth
S02003550,Bridge of Earn and Abernethy,S22000074,Perth
S02003551,Upper Craigie and Friarton,S22000074,Perth
S02003552,Viewlands and Craigie,S22000074,Perth
S02003553,"Burghmuir, Oakbank and Cherrybank",S22000074,Perth
S02003554,Western Edge,S22000074,Perth
S02003555,Letham,S22000074,Perth
S02003556,Tulloch and Inveralmond,S22000074,Perth
S02003557,North Muirton,S22000074,Perth
S02003558,Muirton,S22000074,Perth
S02003559,North Inch,S22000074,Perth
S02003560,Central and South Inch,S22000074,Perth
S02003561,Gannochy and Walnut Grove,S22000074,Perth
S02003562,Scone,S22000074,Perth
S02003563,"Guildtown, Balbeggie and St Madoes",S22000074,Perth
S02003564,Errol and Inchture,S22000074,Perth
S02003565,"Invergowrie, Longforgan and Abernyte",S22000056,Dundee
S02003566,Coupar Angus and Meigle,S22000074,Perth
S02003567,Alyth,S22000056,Dundee
S02003568,"Blair Atholl, Strathardle and Glenshee",S22000076,Pitlochry and Aberfeldy
S02003569,Blairgowrie South (Ardblair and Rosemout),S22000074,Perth
S02003570,Rattray,S22000074,Perth
S02003571,Blairgowrie Central,S22000074,Perth
S02003572,"Bankfoot, Stanley and Murthly",S22000074,Perth
S02003573,Luncarty and Bertha Park,S22000074,Perth
S02003574,Amulree and Dunkeld,S22000076,Pitlochry and Aberfeldy
S02003575,Pitlochry,S22000076,Pitlochry and Aberfeldy
S02003576,Rannoch and Aberfeldy,S22000076,Pitlochry and Aberfeldy
S02003577,Lochwinnoch,S22000065,Glasgow
S02003578,Renfrewshire Rural South and Howwood,S22000065,Glasgow
S02003579,Dargavel,S22000065,Glasgow
S02003580,Renfrewshire Rural North and Langbank,S22000065,Glasgow
S02003581,Kilbarchan,S22000065,Glasgow
S02003582,Johnstone South West,S22000065,Glasgow
S02003583,Johnstone North West,S22000065,Glasgow
S02003584,Johnstone North East,S22000065,Glasgow
S02003585,Johnstone South East,S22000065,Glasgow
S02003586,Elderslie and Phoenix,S22000065,Glasgow
S02003587,Paisley Ferguslie,S22000065,Glasgow
S02003588,Paisley North West,S22000065,Glasgow
S02003589,Paisley West,S22000065,Glasgow
S02003590,Paisley Foxbar,S22000065,Glasgow
S02003591,Paisley South West,S22000065,Glasgow
S02003592,Paisley Glenburn West,S22000065,Glasgow
S02003593,Paisley Glenburn East,S22000065,Glasgow
S02003594,Paisley South,S22000065,Glasgow
S02003595,Paisley South East,S22000065,Glasgow
S02003596,Paisley Dykebar,S22000065,Glasgow
S02003597,Paisley East,S22000065,Glasgow
S02003598,Paisley Central East,S22000065,Glasgow
S02003599,Paisley Central West,S22000065,Glasgow
S02003600,Paisley North East,S22000065,Glasgow
S02003601,Paisley Ralston,S22000065,Glasgow
S02003602,Paisley Gallowhill and Hillington,S22000065,Glasgow
S02003603,Paisley North,S22000065,Glasgow
S02003604,Renfrew West,S22000065,Glasgow
S02003605,Renfrew South West,S22000065,Glasgow
S02003606,Renfrew South East,S22000065,Glasgow
S02003607,Renfrew East,S22000065,Glasgow
S02003608,Renfrew North West,S22000065,Glasgow
S02003609,Renfrew North East,S22000065,Glasgow
S02003610,Erskine East and Inchinnan,S22000065,Glasgow
S02003611,Erskine Central,S22000065,Glasgow
S02003612,Erskine West,S22000065,Glasgow
S02003613,Bishopton,S22000065,Glasgow
S02003614,Linwood South,S22000065,Glasgow
S02003615,Linwood North,S22000065,Glasgow
S02003616,Houston South,S22000065,Glasgow
S02003617,Houston North,S22000065,Glasgow
S02003618,Bridge of Weir,S22000065,Glasgow
S02003619,Tweeddale West,S22000063,Galashiels and Peebles
S02003620,Peebles North,S22000063,Galashiels and Peebles
S02003621,Peebles South,S22000063,Galashiels and Peebles
S02003622,Innerleithen,S22000063,Galashiels and Peebles
S02003623,Tweeddale East,S22000063,Galashiels and Peebles
S02003624,Gala Water Valley and Earlston Area,S22000063,Galashiels and Peebles
S02003625,Galashiels North,S22000063,Galashiels and Peebles
S02003626,Galashiels West,S22000063,Galashiels and Peebles
S02003627,Galashiels South,S22000063,Galashiels and Peebles
S02003628,Galashiels Langlee,S22000063,Galashiels and Peebles
S02003629,Tweedbank and Galashiels Melrose Gait,S22000063,Galashiels and Peebles
S02003630,Melrose Darnick Gattonside and Newstead,S22000063,Galashiels and Peebles
S02003631,Lauderdale,S22000063,Galashiels and Peebles
S02003632,Berwickshire West,K01000009,Berwick
S02003633,Duns,K01000009,Berwick
S02003634,Berwickshire East,K01000009,Berwick
S02003635,Eyemouth,K01000009,Berwick
S02003636,Chirnside and Area,K01000009,Berwick
S02003637,Coldstream and Area,K01000009,Berwick
S02003638,Cheviot East,S22000067,Hawick and Kelso
S02003639,Kelso North,S22000067,Hawick and Kelso
S02003640,Kelso South,S22000067,Hawick and Kelso
S02003641,Cheviot West,S22000067,Hawick and Kelso
S02003642,St Boswells Newtown and Area,S22000063,Galashiels and Peebles
S02003643,Jedburgh,S22000067,Hawick and Kelso
S02003644,Denholm Upper Teviotdale and Liddesdale,S22000067,Hawick and Kelso
S02003645,Hawick - Burnfoot,S22000067,Hawick and Kelso
S02003646,Hawick - South East,S22000067,Hawick and Kelso
S02003647,Hawick - South,S22000067,Hawick and Kelso
S02003648,Hawick - North,S22000067,Hawick and Kelso
S02003649,Ettrick Yarrow and Lilliesleaf Area,S22000063,Galashiels and Peebles
S02003650,Selkirk,S22000063,Galashiels and Peebles
S02003651,Shetland South,S22000039,Shetland Islands
S02003652,Lerwick South,S22000039,Shetland Islands
S02003653,Lerwick North,S22000039,Shetland Islands
S02003654,Central Shetland,S22000039,Shetland Islands
S02003655,East and West Mainland,S22000039,Shetland Islands
S02003656,North Mainland,S22000039,Shetland Islands
S02003657,North and East Isles,S22000039,Shetland Islands
S02003658,Carrick South,S22000064,Girvan
S02003659,Girvan Glendoune,S22000064,Girvan
S02003660,Girvan Ailsa,S22000064,Girvan
S02003661,Maybole,S22000051,Ayr
S02003662,Carrick North,S22000051,Ayr
S02003663,Coylton,S22000051,Ayr
S02003664,Doonfoot and Seafield,S22000051,Ayr
S02003665,Alloway,S22000051,Ayr
S02003666,Castlehill and Kincaidston,S22000051,Ayr
S02003667,Belmont,S22000051,Ayr
S02003668,Holmston and Forehill,S22000051,Ayr
S02003669,Ayr South Harbour and Town Centre,S22000051,Ayr
S02003670,"Ayr North Harbour, Wallacetown and Newton South",S22000051,Ayr
S02003671,Craigie,S22000051,Ayr
S02003672,Dalmilling,S22000051,Ayr
S02003673,"Lochside, Braehead and Whitletts",S22000051,Ayr
S02003674,Newton North,S22000051,Ayr
S02003675,Heathfield,S22000051,Ayr
S02003676,Prestwick West,S22000051,Ayr
S02003677,Prestwick East,S22000051,Ayr
S02003678,Prestwick Airport and Monkton,S22000051,Ayr
S02003679,"Annbank, Mossblown and Tarbolton",S22000051,Ayr
S02003680,"Dundonald, Loans and Symington",S22000051,Ayr
S02003681,Muirhead,S22000051,Ayr
S02003682,Barassie Bank,S22000051,Ayr
S02003683,Barassie,S22000051,Ayr
S02003684,Troon,S22000051,Ayr
S02003685,Clydesdale South,S22000071,Motherwell and Airdrie
S02003686,"Biggar, Symington, Thankerton and Dolphinton",S22000071,Motherwell and Airdrie
S02003687,"Carstairs, Carstairs Junction and Carnwath",S22000071,Motherwell and Airdrie
S02003688,"Forth, Braehead and Auchengray",S22000071,Motherwell and Airdrie
S02003689,Law,S22000071,Motherwell and Airdrie
S02003690,Carluke West,S22000071,Motherwell and Airdrie
S02003691,Carluke North,S22000071,Motherwell and Airdrie
S02003692,Carluke East,S22000071,Motherwell and Airdrie
S02003693,Carluke South,S22000071,Motherwell and Airdrie
S02003694,"Crossford, Braidwood and Yieldshields",S22000071,Motherwell and Airdrie
S02003695,Lanark North West,S22000071,Motherwell and Airdrie
S02003696,Lanark North East,S22000071,Motherwell and Airdrie
S02003697,Lanark South,S22000071,Motherwell and Airdrie
S02003698,Hazelbank and Kirkfieldbank,S22000071,Motherwell and Airdrie
S02003699,"Douglas, Coalburn and Rigside",S22000071,Motherwell and Airdrie
S02003700,Lesmahagow,S22000071,Motherwell and Airdrie
S02003701,Kirkmuirhill and Blackwood,S22000071,Motherwell and Airdrie
S02003702,"Ashgill, Netherburn, Quarter and Glassford",S22000071,Motherwell and Airdrie
S02003703,Merryton and Meadowhill,S22000071,Motherwell and Airdrie
S02003704,"Larkhall Central, Raploch, Millheugh and Burnhead",S22000071,Motherwell and Airdrie
S02003705,Hareleeshill,S22000071,Motherwell and Airdrie
S02003706,Strutherhill and Birkenshaw,S22000071,Motherwell and Airdrie
S02003707,Stonehouse,S22000071,Motherwell and Airdrie
S02003708,Strathaven South,S22000071,Motherwell and Airdrie
S02003709,Strathaven North,S22000071,Motherwell and Airdrie
S02003710,"Strathaven West, Chapelton, Drumclog and Sandford",S22000071,Motherwell and Airdrie
S02003711,Eddlewood,S22000071,Motherwell and Airdrie
S02003712,Low Waters,S22000071,Motherwell and Airdrie
S02003713,Silvertonhill,S22000071,Motherwell and Airdrie
S02003714,"Hamilton Centre, Low Parks and Ferniegar",S22000071,Motherwell and Airdrie
S02003715,Laighstonehall,S22000071,Motherwell and Airdrie
S02003716,"Woodhead, Meikle Earnock and Fairhill",S22000071,Motherwell and Airdrie
S02003717,Torheads and Little Earnock,S22000071,Motherwell and Airdrie
S02003718,Earnock,S22000071,Motherwell and Airdrie
S02003719,Hillhouse,S22000071,Motherwell and Airdrie
S02003720,High Blantyre,S22000071,Motherwell and Airdrie
S02003721,Blantyre South and Wheatlands,S22000071,Motherwell and Airdrie
S02003722,Low Blantyre and Bardykes,S22000071,Motherwell and Airdrie
S02003723,Blantyre North and Coatshill,S22000071,Motherwell and Airdrie
S02003724,Burnbank North,S22000071,Motherwell and Airdrie
S02003725,Burnbank Central and Udston,S22000071,Motherwell and Airdrie
S02003726,Burnbank South and Chantinghall,S22000071,Motherwell and Airdrie
S02003727,Whitehill,S22000071,Motherwell and Airdrie
S02003728,Bothwell South,S22000071,Motherwell and Airdrie
S02003729,Bothwell North,S22000071,Motherwell and Airdrie
S02003730,Uddingston and Kylepark,S22000071,Motherwell and Airdrie
S02003731,Newton,S22000065,Glasgow
S02003732,"Halfway, Hallside and Drumsagard",S22000065,Glasgow
S02003733,Westburn,S22000065,Glasgow
S02003734,Vicarland and Cairns,S22000065,Glasgow
S02003735,Whitlawburn and Greenlees,S22000065,Glasgow
S02003736,Cambuslang Central,S22000065,Glasgow
S02003737,"Burgh, Eastfield and Silverbank",S22000065,Glasgow
S02003738,Farme Cross and Gallowflat North,S22000065,Glasgow
S02003739,Shawfield and Clincarthill,S22000065,Glasgow
S02003740,Burnhill and Bankhead North,S22000065,Glasgow
S02003741,Bankhead South,S22000065,Glasgow
S02003742,Spittal,S22000065,Glasgow
S02003743,High Crosshill,S22000065,Glasgow
S02003744,Burnside and Springhall,S22000065,Glasgow
S02003745,Fernhill and Cathkin,S22000065,Glasgow
S02003746,"Lindsayfield West, Lindsayfield South and Auldhouse",S22000065,Glasgow
S02003747,Nerston,S22000065,Glasgow
S02003748,Calderwood East,S22000065,Glasgow
S02003749,Calderwood Central,S22000065,Glasgow
S02003750,Calderwood West,S22000065,Glasgow
S02003751,St Leonards North,S22000065,Glasgow
S02003752,St Leonards South,S22000065,Glasgow
S02003753,East Mains,S22000065,Glasgow
S02003754,West Mains,S22000065,Glasgow
S02003755,Stewartfield East,S22000065,Glasgow
S02003756,Stewartfield West,S22000065,Glasgow
S02003757,"Thorntonhall, Jackton and Gardenhall",S22000065,Glasgow
S02003758,Hairmyres and Westwood West,S22000065,Glasgow
S02003759,Mossneuk and Newlandsmuir,S22000065,Glasgow
S02003760,Crosshouse and Lindsayfield Central,S22000065,Glasgow
S02003761,Whitehills West,S22000065,Glasgow
S02003762,Greenhills,S22000065,Glasgow
S02003763,Westwood South,S22000065,Glasgow
S02003764,Westwood East,S22000065,Glasgow
S02003765,The Murray,S22000065,Glasgow
S02003766,"Birniehill, Kelvin and Whitehills East",S22000065,Glasgow
S02003767,Blane Valley,S22000065,Glasgow
S02003768,Balfron and Drymen,S22000061,Falkirk and Stirling
S02003769,"Kippen, Fintry and Gargunnock",S22000061,Falkirk and Stirling
S02003770,Cambusbarron,S22000061,Falkirk and Stirling
S02003771,Plean and Rural SE,S22000061,Falkirk and Stirling
S02003772,Cowie,S22000061,Falkirk and Stirling
S02003773,Fallin,S22000061,Falkirk and Stirling
S02003774,Bannockburn,S22000061,Falkirk and Stirling
S02003775,Hillpark,S22000061,Falkirk and Stirling
S02003776,Broomridge,S22000061,Falkirk and Stirling
S02003777,Borestone,S22000061,Falkirk and Stirling
S02003778,King's Park and Torbrex,S22000061,Falkirk and Stirling
S02003779,Braehead,S22000061,Falkirk and Stirling
S02003780,City Centre,S22000061,Falkirk and Stirling
S02003781,Raploch,S22000061,Falkirk and Stirling
S02003782,Cornton,S22000061,Falkirk and Stirling
S02003783,Causewayhead,S22000061,Falkirk and Stirling
S02003784,Bridge of Allan and University,S22000061,Falkirk and Stirling
S02003785,Riverside and Logie,S22000061,Falkirk and Stirling
S02003786,Dunblane East,S22000061,Falkirk and Stirling
S02003787,Dunblane West,S22000061,Falkirk and Stirling
S02003788,Carse of Stirling,S22000061,Falkirk and Stirling
S02003789,Callander and Trossachs,S22000061,Falkirk and Stirling
S02003790,Highland,S22000061,Falkirk and Stirling
S02003791,Whitecrook,S22000065,Glasgow
S02003792,Singer and Clydebank South,S22000065,Glasgow
S02003793,Drumry,S22000065,Glasgow
S02003794,Kilbowie,S22000065,Glasgow
S02003795,Clydebank North,S22000065,Glasgow
S02003796,Faifley,S22000065,Glasgow
S02003797,Duntocher,S22000065,Glasgow
S02003798,Dalmuir,S22000065,Glasgow
S02003799,Old Kilpatrick,S22000065,Glasgow
S02003800,"Garshake, Milton and Bowling",S22000054,Dumbarton and Helensburgh
S02003801,Dumbarton North,S22000054,Dumbarton and Helensburgh
S02003802,Dumbarton Central,S22000054,Dumbarton and Helensburgh
S02003803,Dumbarton East,S22000054,Dumbarton and Helensburgh
S02003804,Dalreoch,S22000054,Dumbarton and Helensburgh
S02003805,Renton,S22000054,Dumbarton and Helensburgh
S02003806,Bonhill,S22000054,Dumbarton and Helensburgh
S02003807,Alexandria,S22000054,Dumbarton and Helensburgh
S02003808,Balloch,S22000054,Dumbarton and Helensburgh
S02003809,Kilmaronock,S22000054,Dumbarton and Helensburgh
S02003810,Fauldhouse,S22000070,Livingston
S02003811,"Stoneyburn, Addiewell and Breich",S22000070,Livingston
S02003812,West Calder and Polbeth,S22000070,Livingston
S02003813,"Livingston Bellsquarry, Adambrae and Dedridge West",S22000070,Livingston
S02003814,Livingston Murieston,S22000070,Livingston
S02003815,Livingston Dedridge East,S22000070,Livingston
S02003816,Mid Calder and Kirknewton,S22000070,Livingston
S02003817,East Calder West,S22000070,Livingston
S02003818,East Calder East and Wilkieston,S22000070,Livingston
S02003819,Pumpherston and Uphall Station,S22000070,Livingston
S02003820,Livingston Craigshill,S22000070,Livingston
S02003821,Livingston Howden,S22000070,Livingston
S02003822,Livingston Village,S22000070,Livingston
S02003823,Livingston Eliburn South,S22000070,Livingston
S02003824,Livingston Ladywell,S22000070,Livingston
S02003825,Livingston Knightsridge and Eliburn North,S22000070,Livingston
S02003826,Livingston Deans,S22000070,Livingston
S02003827,Livingston Carmondean,S22000070,Livingston
S02003828,Blackburn East and Seafield,S22000070,Livingston
S02003829,Blackburn Central,S22000070,Livingston
S02003830,"Whitburn Whitdale, East Whitburn and Longridge",S22000070,Livingston
S02003831,Whitburn Central,S22000070,Livingston
S02003832,Whitburn West and Greenrigg,S22000070,Livingston
S02003833,Armadale North,S22000070,Livingston
S02003834,Armadale South,S22000070,Livingston
S02003835,Bathgate South West,S22000070,Livingston
S02003836,Bathgate Wester Inch East,S22000070,Livingston
S02003837,Bathgate Boghall,S22000070,Livingston
S02003838,Bathgate Central,S22000070,Livingston
S02003839,Bathgate North West,S22000070,Livingston
S02003840,"Blackridge, Westfield and Torphichen",S22000070,Livingston
S02003841,Linlithgow South and Bathgate Hills,S22000070,Livingston
S02003842,Linlithgow High Street and Linlithgow Bridge,S22000070,Livingston
S02003843,Linlithgow Springfield,S22000070,Livingston
S02003844,"Winchburgh, Bridgend and Philpstoun",S22000070,Livingston
S02003845,Broxburn Kirkhill,S22000070,Livingston
S02003846,"Uphall, Dechmont and Ecclesmachan",S22000070,Livingston
S02003847,Broxburn South,S22000070,Livingston
S02003848,Broxburn East,S22000070,Livingston
